{"0_127": 0.9607583388925522, "4_16": 0.9802751869653137, "8_16": 0.9912341952594617, "12_16": 1.0195336783364468, "16_16": 1.0501848191472962, "20_16": 1.0821727566422505, "24_16": 1.1022039357108626, "28_16": 1.13232650980242, "32_16": 1.153954747239894, "36_16": 1.1724476313321424, "40_16": 1.2011290532171661, "44_16": 1.2388751567491587, "48_16": 1.2715188888815667, "52_16": 1.2952530594043874, "56_16": 1.3190832117032916, "60_16": 1.3536687472651334, "64_16": 1.394130136213702, "68_16": 1.4369453612308183, "72_16": 1.49767484443557, "76_16": 1.5514373030339443, "80_16": 1.598650617892973, "84_16": 1.6717423835008316, "88_16": 1.7172681562253562, "92_16": 1.812592908944662, "96_16": 1.889536597735049, "100_16": 1.9507417935327727, "104_16": 2.0180611137166857, "108_16": 2.134420088648283, "112_16": 2.282521847651322, "116_16": 2.3759673760384685, "120_16": 2.546491647872581, "124_16": 2.72604421589391, "128_16": 2.933000588231507, "132_16": 3.132649189633281, "136_16": 3.3131638989200614, "140_16": 3.5602248973409996, "144_16": 4.010537391764679, "148_16": 4.323092658978385, "152_16": 4.815935503521075, "156_16": 5.478018196274796, "160_16": 6.361979054732507, "164_16": 7.532982979525587, "168_16": 9.533405420603396, "172_16": 12.67548534746887, "176_16": 12.741924367319806, "180_16": 12.590140156840793, "184_16": 12.542714872201664, "188_16": 12.488601980531147, "192_16": 12.54826240459555, "196_16": 12.506858807772215, "200_16": 12.470905883838059, "204_16": 12.456748262935427, "208_16": 12.446784782118971, "212_16": 12.364670162095813, "216_16": 12.308047378219566, "220_16": 12.239065401777694, "224_16": 12.201845911805142, "228_16": 12.16417649378743, "232_16": 12.117043922797867, "236_16": 12.063550226132028, "240_16": 11.924456904734575, "244_16": 11.863194388244608, "248_16": 11.809566452759904, "252_16": 11.76251564418277, "256_16": 11.732849525904257}