{"0_16": 0.6901247782557411, "4_16": 0.6923898760589793, "8_16": 0.698458465560545, "12_16": 0.704689086647042, "16_16": 0.7120798724747877, "20_16": 0.7247587535232664, "24_16": 0.738880633725493, "28_16": 0.7524587580756108, "32_16": 0.758383626530657, "36_16": 0.7735343309003694, "40_16": 0.7908729449792081, "44_16": 0.7949353156308269, "48_16": 0.8079680506856293, "52_16": 0.8263321238028173, "56_16": 0.838218498311299, "60_16": 0.8504800176026871, "64_16": 0.8640280358218105, "68_16": 0.8822491933429236, "72_16": 0.8907107423976067, "76_16": 0.9132722950279755, "80_16": 0.9351243966837137, "84_16": 0.9482401307719174, "88_16": 0.974309549896706, "92_16": 0.9966598276219507, "96_16": 1.0091022716045026, "100_16": 1.0240114001269156, "104_16": 1.0439229061192592, "108_16": 1.0743978255267188, "112_16": 1.1072119446891628, "116_16": 1.1275773458735634, "120_16": 1.14844278670076, "124_16": 1.1771110576022163, "128_16": 1.2003210611809083, "132_16": 1.231419901458684, "136_16": 1.2713802134523426, "140_16": 1.3139835964922908, "144_16": 1.3804561927284575, "148_16": 1.394691371043273, "152_16": 1.4426935234033145, "156_16": 1.493990206346626, "160_16": 1.6041933496911074, "164_16": 1.6927006721787543, "168_16": 1.7724262985017243, "172_16": 1.8192610364596926, "176_16": 1.901180694274782, "180_16": 2.092802541557896, "184_16": 2.104013899430735, "188_16": 2.1595840357704996, "192_16": 2.2951896723020395, "196_16": 2.4782167119805303, "200_16": 2.6367977607577613, "204_16": 2.8881814003839565, "208_16": 3.177360139362672, "212_16": 3.449591947127198, "216_16": 3.8297626341305615, "220_16": 4.197671792078785, "224_16": 4.815157462475971, "228_16": 5.302686012777232, "232_16": 6.857248331252043, "236_16": 8.147873971102543, "240_16": 11.111065414404722, "244_16": 11.882561826665563, "248_16": 11.837943970985311, "252_16": 11.764130983431036, "256_16": 11.735299072628129}