{"0_16": 0.7271794194550706, "4_16": 0.7300009805740176, "8_16": 0.735538729499884, "12_16": 0.7413223496907315, "16_16": 0.7517454208844171, "20_16": 0.7629425307283745, "24_16": 0.7765094138867666, "28_16": 0.7854976977411329, "32_16": 0.7894584073073442, "36_16": 0.8083568032801064, "40_16": 0.8247961411344747, "44_16": 0.8331355487456693, "48_16": 0.8484497049402043, "52_16": 0.8678569710360305, "56_16": 0.8892524463071786, "60_16": 0.9032547915388862, "64_16": 0.9242410184281024, "68_16": 0.938631951110353, "72_16": 0.9549664982661251, "76_16": 0.9794370289805625, "80_16": 1.006432256273022, "84_16": 1.0171278252647213, "88_16": 1.0472824915763808, "92_16": 1.0707872871581572, "96_16": 1.0902747184303663, "100_16": 1.1192660751211136, "104_16": 1.1269588588568367, "108_16": 1.159824956413538, "112_16": 1.1963398703548516, "116_16": 1.227468484382371, "120_16": 1.2554876317745065, "124_16": 1.28562313976608, "128_16": 1.3083725139468125, "132_16": 1.3471850416254705, "136_16": 1.3980429883392869, "140_16": 1.4441725311264366, "144_16": 1.5248920608776302, "148_16": 1.5431734915181234, "152_16": 1.6056956719488353, "156_16": 1.6412320870095174, "160_16": 1.7771937747028752, "164_16": 1.8834699979396268, "168_16": 1.9989135210276692, "172_16": 2.0642187064775754, "176_16": 2.1702717514050587, "180_16": 2.4001138569484035, "184_16": 2.480193026516399, "188_16": 2.595782012972322, "192_16": 2.793165332131751, "196_16": 3.0789519310622415, "200_16": 3.284697001811347, "204_16": 3.7041656523413833, "208_16": 4.200535809914193, "212_16": 4.7517811196411115, "216_16": 5.544810344776873, "220_16": 6.26836760407203, "224_16": 7.687858893107373, "228_16": 9.427275256120408, "232_16": 11.973154701522274, "236_16": 11.916245717110534, "240_16": 11.76606774830996, "244_16": 11.717671791379656, "248_16": 11.669481173144401, "252_16": 11.630077890433489, "256_16": 11.617690058049268}