{"0_16": 0.7492063112698644, "4_16": 0.7481220208540531, "8_16": 0.757667120989371, "12_16": 0.7601104413521034, "16_16": 0.7691040385434756, "20_16": 0.7845170985689742, "24_16": 0.7990809215977823, "28_16": 0.8152177805586381, "32_16": 0.8176712820904065, "36_16": 0.8319597644702988, "40_16": 0.8485030014376775, "44_16": 0.8561125618041514, "48_16": 0.8725753193800001, "52_16": 0.8878686289931893, "56_16": 0.9112946818801907, "60_16": 0.9280270957190956, "64_16": 0.9473822688835033, "68_16": 0.9686860600985313, "72_16": 0.9825879107265396, "76_16": 1.014840780127952, "80_16": 1.0425901349032556, "84_16": 1.0534603193898988, "88_16": 1.088442619103978, "92_16": 1.1239132503549647, "96_16": 1.1437787884628887, "100_16": 1.1690329139986058, "104_16": 1.1899401287030957, "108_16": 1.216634123615506, "112_16": 1.2602405905550942, "116_16": 1.2907172704409995, "120_16": 1.3210820047533378, "124_16": 1.3473085639473705, "128_16": 1.3851808340121992, "132_16": 1.4330423817276285, "136_16": 1.4791303169546264, "140_16": 1.5397545143264526, "144_16": 1.6210356842106228, "148_16": 1.6407951122089115, "152_16": 1.706088841533508, "156_16": 1.7647004096735492, "160_16": 1.9111239039194228, "164_16": 2.0347031947521463, "168_16": 2.145406702083942, "172_16": 2.2383007416308636, "176_16": 2.367231882270525, "180_16": 2.6508329535295467, "184_16": 2.72260493772947, "188_16": 2.8183627246938974, "192_16": 3.037525925435212, "196_16": 3.4053844571096064, "200_16": 3.7535804483597137, "204_16": 4.361255476389475, "208_16": 5.050050147673762, "212_16": 5.815814617636691, "216_16": 7.0567986744645035, "220_16": 8.128896267374403, "224_16": 11.165203452883059, "228_16": 12.119389292353658, "232_16": 12.122291734653626, "236_16": 12.006725884151724, "240_16": 12.00035348979799, "244_16": 11.937108746678064, "248_16": 11.876971254871481, "252_16": 11.836246923070465, "256_16": 11.824123276015934}