{"0_16": 1.0690659195340653, "4_16": 1.087811686523921, "8_16": 1.1048055006133297, "12_16": 1.1359069662127004, "16_16": 1.1705876778942257, "20_16": 1.2080861775527, "24_16": 1.2349081334522356, "28_16": 1.2708219828981469, "32_16": 1.295415940893627, "36_16": 1.3161368981503019, "40_16": 1.365449598788673, "44_16": 1.4075355692104965, "48_16": 1.4565603590685434, "52_16": 1.4891278931414444, "56_16": 1.5285335325846545, "60_16": 1.5762262408057022, "64_16": 1.627660895281035, "68_16": 1.6918386015930442, "72_16": 1.7909435609636044, "76_16": 1.8393254162175954, "80_16": 1.9264503151800414, "84_16": 2.013881638130397, "88_16": 2.08142798885193, "92_16": 2.258429750245782, "96_16": 2.325246060397042, "100_16": 2.4251131113439266, "104_16": 2.5305117346954975, "108_16": 2.707308059874824, "112_16": 2.931188872856205, "116_16": 3.107044255249465, "120_16": 3.3911882400717115, "124_16": 3.7235887402785073, "128_16": 4.096706771933688, "132_16": 4.4788413776025395, "136_16": 4.87727872921329, "140_16": 5.489044924941173, "144_16": 6.720971419243718, "148_16": 7.705776684878336, "152_16": 9.872648766314345, "156_16": 13.000551297797012, "160_16": 12.935316424860885, "164_16": 12.882233678537354, "168_16": 12.834802867593273, "172_16": 12.790767406430644, "176_16": 12.735206846620786, "180_16": 12.809559624470266, "184_16": 12.741995253274844, "188_16": 12.745493111837945, "192_16": 12.591281818502317, "196_16": 12.613472235869873, "200_16": 12.581107947752217, "204_16": 12.50871491570864, "208_16": 12.486250007721473, "212_16": 12.434700550350893, "216_16": 12.377901307630932, "220_16": 12.32392706058272, "224_16": 12.288569576399924, "228_16": 12.169793158977075, "232_16": 12.107258013607877, "236_16": 12.206237356458557, "240_16": 12.139687312106169, "244_16": 12.102757632323648, "248_16": 12.039776895623287, "252_16": 11.996915680384387, "256_16": 11.939221831196517}