{"0_16": 0.8323535803997042, "4_16": 0.8364182537765005, "8_16": 0.8483929122020999, "12_16": 0.8522826948980189, "16_16": 0.8645540606586086, "20_16": 0.8803522366895349, "24_16": 0.8980986096847556, "28_16": 0.9181435942496974, "32_16": 0.9262175807524826, "36_16": 0.9482383943271194, "40_16": 0.9677968266600394, "44_16": 0.9791776443005663, "48_16": 0.9984407189555446, "52_16": 1.0220887053499974, "56_16": 1.0530539044085099, "60_16": 1.0745957751738489, "64_16": 1.094865564596457, "68_16": 1.1201226399992648, "72_16": 1.1406472029266221, "76_16": 1.1760709191986978, "80_16": 1.2102798448456653, "84_16": 1.2329190105400065, "88_16": 1.2771467260627782, "92_16": 1.3322554196714522, "96_16": 1.3695126148409642, "100_16": 1.3807058888746955, "104_16": 1.4072364852023338, "108_16": 1.4611465498188319, "112_16": 1.5220246362965197, "116_16": 1.5493631603280664, "120_16": 1.6384205922588109, "124_16": 1.67218802048543, "128_16": 1.7596459650905083, "132_16": 1.8350991126709442, "136_16": 1.921618040889643, "140_16": 2.0206730973315423, "144_16": 2.155115999934231, "148_16": 2.225552925283982, "152_16": 2.35553760357398, "156_16": 2.458004910701525, "160_16": 2.722927463311593, "164_16": 2.9931771977783406, "168_16": 3.204076108327355, "172_16": 3.4386948975298712, "176_16": 3.7156397306555764, "180_16": 4.478378043486768, "184_16": 4.701787495589416, "188_16": 5.129105304569074, "192_16": 5.889918465507997, "196_16": 7.299782640968791, "200_16": 8.85133919560158, "204_16": 12.460260824354805, "208_16": 12.40140182748495, "212_16": 12.362438418872072, "216_16": 12.299769161443958, "220_16": 12.19295020791594, "224_16": 12.163542402507584, "228_16": 12.197752710960533, "232_16": 12.140536789777883, "236_16": 12.102811762869749, "240_16": 12.061419347009476, "244_16": 11.997183554938468, "248_16": 11.973348669565558, "252_16": 11.928189766758795, "256_16": 11.895757016000854}