{"0_16": 0.6402781787203594, "4_16": 0.6409312603292343, "8_16": 0.6515185246191223, "12_16": 0.6597460017280192, "16_16": 0.666989863230335, "20_16": 0.6788919407362362, "24_16": 0.6875039321362487, "28_16": 0.69677764010075, "32_16": 0.6975930111901343, "36_16": 0.7134381350694246, "40_16": 0.7252600775761513, "44_16": 0.7293597505219206, "48_16": 0.7404290423671932, "52_16": 0.7565742642025007, "56_16": 0.7693981659709066, "60_16": 0.7809746667848438, "64_16": 0.794834209818995, "68_16": 0.8067362557367842, "72_16": 0.8147416228471474, "76_16": 0.8298936661542171, "80_16": 0.8514307531813651, "84_16": 0.8587177660063933, "88_16": 0.8812130352383716, "92_16": 0.8915662160804362, "96_16": 0.9039811548676918, "100_16": 0.9222244516065267, "104_16": 0.9337816102670372, "108_16": 0.9582481952072831, "112_16": 0.9842617013801352, "116_16": 1.0106275421681126, "120_16": 1.0108530155942932, "124_16": 1.03772135677899, "128_16": 1.0543565725112143, "132_16": 1.08467474845949, "136_16": 1.11332673868655, "140_16": 1.1451160108496794, "144_16": 1.1934215173483815, "148_16": 1.198368869324743, "152_16": 1.2290156493389304, "156_16": 1.2509366665675121, "160_16": 1.335780212532818, "164_16": 1.3942466711802435, "168_16": 1.4629542857872087, "172_16": 1.4949930407575371, "176_16": 1.5505562561660262, "180_16": 1.6727647547490185, "184_16": 1.670253986291261, "188_16": 1.703210416395018, "192_16": 1.80438440513986, "196_16": 1.9297003357275344, "200_16": 2.0203682457571412, "204_16": 2.2236091970404313, "208_16": 2.389424509381888, "212_16": 2.5368027281595937, "216_16": 2.718486264189292, "220_16": 2.9053580584311987, "224_16": 3.218010715337098, "228_16": 3.4660650221046865, "232_16": 3.9636489614461494, "236_16": 4.419373406930833, "240_16": 5.141734057136658, "244_16": 5.442740580707996, "248_16": 6.341921643291441, "252_16": 7.515837900197704, "256_16": 11.616381705358705}