{"0_16": 0.7648628299522063, "4_16": 0.7673231934519987, "8_16": 0.7771648441416018, "12_16": 0.7854978503634764, "16_16": 0.7914639403785723, "20_16": 0.7985945868226813, "24_16": 0.812754357907375, "28_16": 0.8263295393908477, "32_16": 0.8422645151396955, "36_16": 0.8607767992193623, "40_16": 0.8812912340410144, "44_16": 0.8881883236550887, "48_16": 0.9079622081304656, "52_16": 0.9230519583642849, "56_16": 0.9442994838352793, "60_16": 0.9602363255575443, "64_16": 0.9768702866502688, "68_16": 0.9955902217172894, "72_16": 1.0132006012743047, "76_16": 1.0431193708565925, "80_16": 1.0753873903878706, "84_16": 1.087633468467097, "88_16": 1.1261424389070391, "92_16": 1.1662985774621741, "96_16": 1.1953003336702364, "100_16": 1.216606482814875, "104_16": 1.2524220341115895, "108_16": 1.2892785225877545, "112_16": 1.3320919796518482, "116_16": 1.3618770328377996, "120_16": 1.3973621753213277, "124_16": 1.4253599466480291, "128_16": 1.466533835044559, "132_16": 1.5292733673257217, "136_16": 1.5747254312616163, "140_16": 1.6328024295810708, "144_16": 1.7295058858496382, "148_16": 1.766460270456779, "152_16": 1.835420046064654, "156_16": 1.9056600686397946, "160_16": 2.0567903559166933, "164_16": 2.2092730636424225, "168_16": 2.351938463977275, "172_16": 2.4622418669391215, "176_16": 2.6146655649378436, "180_16": 2.9364228530987924, "184_16": 3.025623356364618, "188_16": 3.1643825891298736, "192_16": 3.4825297657288363, "196_16": 3.9299393846804214, "200_16": 4.340617198997519, "204_16": 5.01877364223796, "208_16": 5.920467725397019, "212_16": 7.133112596733117, "216_16": 9.58734653414199, "220_16": 12.200532222003778, "224_16": 12.114696836449077, "228_16": 12.052915908519855, "232_16": 11.999227001396234, "236_16": 12.031924745392562, "240_16": 11.982455146095402, "244_16": 11.922713781376759, "248_16": 11.836307046374628, "252_16": 11.894854161053841, "256_16": 11.885197848592236}