{"0_16": 0.9116444595432313, "4_16": 0.9268625221972898, "8_16": 0.9362988970372735, "12_16": 0.9657705507892471, "16_16": 0.9875809773820703, "20_16": 1.011559973254209, "24_16": 1.0237400019688907, "28_16": 1.051293073519092, "32_16": 1.0693451643057696, "36_16": 1.080476459704775, "40_16": 1.1117710079542409, "44_16": 1.1422861559479918, "48_16": 1.172974838468528, "52_16": 1.1967873133646494, "56_16": 1.2200756252434375, "60_16": 1.2518853215877155, "64_16": 1.2822087462156146, "68_16": 1.3215800947534813, "72_16": 1.3761817935629577, "76_16": 1.411267105907278, "80_16": 1.4581720018105628, "84_16": 1.5109183621049802, "88_16": 1.551560944590756, "92_16": 1.6339959421187202, "96_16": 1.6831171307158002, "100_16": 1.7458557733210962, "104_16": 1.777546632471222, "108_16": 1.881720515885258, "112_16": 1.995999652747882, "116_16": 2.0582785725914525, "120_16": 2.1675898577700097, "124_16": 2.3037465794396894, "128_16": 2.4565700458238786, "132_16": 2.602882646496698, "136_16": 2.737941775464738, "140_16": 2.863638978238365, "144_16": 3.153297515320664, "148_16": 3.4207444591616136, "152_16": 3.72766851439619, "156_16": 3.970544369132002, "160_16": 4.501262564820435, "164_16": 5.003532131481123, "168_16": 5.763797421327343, "172_16": 6.722109768912371, "176_16": 7.770861428060939, "180_16": 10.125673794576672, "184_16": 12.647348819408144, "188_16": 12.578857519749945, "192_16": 12.556594554993474, "196_16": 12.517356491748803, "200_16": 12.483636969319718, "204_16": 12.431577972590008, "208_16": 12.396699167343716, "212_16": 12.343738110259975, "216_16": 12.297304114473476, "220_16": 12.259480172069678, "224_16": 12.224355828295732, "228_16": 12.178932029138975, "232_16": 12.13780540024824, "236_16": 12.067886291289287, "240_16": 12.026931175935495, "244_16": 11.956094752309744, "248_16": 11.933701767494549, "252_16": 11.77654206127861, "256_16": 11.738752209864945}