{"0_16": 0.7882020308167663, "4_16": 0.7867427437151989, "8_16": 0.7975603723371004, "12_16": 0.8027394263020018, "16_16": 0.8106242935832052, "20_16": 0.8274189242845187, "24_16": 0.8459032490737083, "28_16": 0.8626151443288568, "32_16": 0.8654318601555225, "36_16": 0.8889625563268848, "40_16": 0.9044675450135483, "44_16": 0.9168684289539596, "48_16": 0.9335311249080502, "52_16": 0.9521733626288169, "56_16": 0.9772402044048908, "60_16": 0.9954741044292056, "64_16": 1.011050125772938, "68_16": 1.0327390499430287, "72_16": 1.047244690187599, "76_16": 1.0778455839589653, "80_16": 1.10504662440398, "84_16": 1.122025552868348, "88_16": 1.1598943682167069, "92_16": 1.2043579551840178, "96_16": 1.2375024885082369, "100_16": 1.2612544432156367, "104_16": 1.2906880674358716, "108_16": 1.3385351632996463, "112_16": 1.3928460844320936, "116_16": 1.4205157339629524, "120_16": 1.4825715844667362, "124_16": 1.496281529187705, "128_16": 1.551560679136657, "132_16": 1.6123688171847028, "136_16": 1.6817822801332043, "140_16": 1.7355696911405893, "144_16": 1.8477646044943383, "148_16": 1.9093697675134662, "152_16": 1.9791487910614267, "156_16": 2.0547030171205245, "160_16": 2.208216992505222, "164_16": 2.4057535557825864, "168_16": 2.561822644401996, "172_16": 2.7112766039985536, "176_16": 2.87228711078738, "180_16": 3.3107395093784806, "184_16": 3.417891669589656, "188_16": 3.5880267354915065, "192_16": 4.026460829336814, "196_16": 4.6188558335367835, "200_16": 5.247613429307195, "204_16": 6.312223412283394, "208_16": 7.966579449485915, "212_16": 10.09242659669373, "216_16": 12.434357948442585, "220_16": 12.371779844589675, "224_16": 12.3429323772423, "228_16": 12.302158294482469, "232_16": 12.281679252962586, "236_16": 12.203871793419777, "240_16": 12.130304413795601, "244_16": 12.075899763332831, "248_16": 12.052440984783171, "252_16": 11.986722394884435, "256_16": 11.940532543599607}