{"0_123": 0.9356174388569438, "4_16": 0.9537191093095599, "8_16": 0.9674123486474446, "12_16": 0.9969430573060621, "16_16": 1.0263074676131008, "20_16": 1.0514975613296804, "24_16": 1.064056195447527, "28_16": 1.0963295078670947, "32_16": 1.112389600818774, "36_16": 1.1199096177755532, "40_16": 1.1527972627556926, "44_16": 1.1884840446105418, "48_16": 1.2239442127471878, "52_16": 1.2499707548270909, "56_16": 1.2688224637205403, "60_16": 1.3061092074591545, "64_16": 1.3348352907894123, "68_16": 1.3840182441564342, "72_16": 1.4339829598358462, "76_16": 1.481907077853974, "80_16": 1.5369800452319058, "84_16": 1.5868745926426802, "88_16": 1.6375389127960631, "92_16": 1.7264178082237065, "96_16": 1.7882028711515323, "100_16": 1.8426066225237714, "104_16": 1.8913007729886404, "108_16": 2.0037688930224706, "112_16": 2.1392743452848197, "116_16": 2.222489032869199, "120_16": 2.3604438266659087, "124_16": 2.5206956617281997, "128_16": 2.687423231841203, "132_16": 2.825485967919611, "136_16": 2.9719415054440086, "140_16": 3.180980028235977, "144_16": 3.5226281537385984, "148_16": 3.8375173263752345, "152_16": 4.275044821045894, "156_16": 4.662629654529214, "160_16": 5.299132025225464, "164_16": 6.187913412816587, "168_16": 7.39065676320251, "172_16": 8.887521577369887, "176_16": 11.301657943057037, "180_16": 12.84231766671633, "184_16": 12.76837155947113, "188_16": 12.695868010530617, "192_16": 12.661416262718326, "196_16": 12.592973549747995, "200_16": 12.46877671444866, "204_16": 12.429388543002817, "208_16": 12.502520946594908, "212_16": 12.422864203041351, "216_16": 12.313736490899645, "220_16": 12.2576654949387, "224_16": 12.219511443244505, "228_16": 12.181873236414372, "232_16": 12.141638344894622, "236_16": 12.069386026360302, "240_16": 12.027438796263658, "244_16": 11.987827049615065, "248_16": 11.944318421732813, "252_16": 11.90013639372453, "256_16": 11.966538559591314}