{"0_16": 1.015910685603193, "4_16": 1.0312150229849213, "8_16": 1.0457038616041567, "12_16": 1.0811779514443285, "16_16": 1.1104379462359504, "20_16": 1.1467018992218423, "24_16": 1.1657695202368819, "28_16": 1.1980433662264376, "32_16": 1.223998894220207, "36_16": 1.2420684600042633, "40_16": 1.2850870463687054, "44_16": 1.3253988020878007, "48_16": 1.3697491999828149, "52_16": 1.404170230202133, "56_16": 1.4409734207126694, "60_16": 1.4845854209328069, "64_16": 1.5321406308911703, "68_16": 1.586496852979751, "72_16": 1.655044833570735, "76_16": 1.7138552866022778, "80_16": 1.7787233269282658, "84_16": 1.8507581499449903, "88_16": 1.9150923238803945, "92_16": 2.034380299461302, "96_16": 2.124360376187508, "100_16": 2.2354185172360213, "104_16": 2.3185200244041924, "108_16": 2.462249536854616, "112_16": 2.6365946827726683, "116_16": 2.7759194741559243, "120_16": 2.980200374372971, "124_16": 3.2649833588361665, "128_16": 3.5806249621142823, "132_16": 3.893298199962194, "136_16": 4.2021172329403, "140_16": 4.665497850800053, "144_16": 5.540758766545618, "148_16": 6.226334668416552, "152_16": 7.491402602069046, "156_16": 8.877517055479217, "160_16": 11.57214900945142, "164_16": 12.80241622750418, "168_16": 12.945406689024733, "172_16": 12.768755652186984, "176_16": 12.722276588605304, "180_16": 12.742410907612426, "184_16": 12.727358450166495, "188_16": 12.688449687025232, "192_16": 12.613330702488707, "196_16": 12.553602554894976, "200_16": 12.43280322922659, "204_16": 12.398085448992228, "208_16": 12.281198491775218, "212_16": 12.411278523699018, "216_16": 12.251911524986426, "220_16": 12.220977219064553, "224_16": 12.154358363893161, "228_16": 12.14341597124182, "232_16": 12.088413316386331, "236_16": 12.01760592057709, "240_16": 12.039470613129973, "244_16": 11.961707841382466, "248_16": 12.014881589556175, "252_16": 11.922507894287083, "256_16": 11.801875254933437}