{"0_131": 0.9952999290854222, "4_16": 1.0166661767063747, "8_16": 1.024759317319898, "12_16": 1.0569692125014045, "16_16": 1.0867153430000083, "20_16": 1.122536106744202, "24_16": 1.1437014857574588, "28_16": 1.174278878855559, "32_16": 1.1975729733395042, "36_16": 1.2169788303755948, "40_16": 1.2620386486593314, "44_16": 1.2931633351461629, "48_16": 1.3364051510375168, "52_16": 1.3651613605527289, "56_16": 1.3926732847555026, "60_16": 1.4387107948611229, "64_16": 1.4740146865393537, "68_16": 1.5082891081853362, "72_16": 1.5858871978782054, "76_16": 1.634656254055653, "80_16": 1.7004053560325727, "84_16": 1.7775999082360427, "88_16": 1.8324794610895507, "92_16": 1.9485121045008769, "96_16": 2.0168173619280623, "100_16": 2.092391064913006, "104_16": 2.1606227927573514, "108_16": 2.2969583563710474, "112_16": 2.4725257797506015, "116_16": 2.5872503058306155, "120_16": 2.7835868248693236, "124_16": 3.011220470335202, "128_16": 3.2711106792233884, "132_16": 3.5147175830266444, "136_16": 3.728152702564254, "140_16": 4.080404556311211, "144_16": 4.751596444125693, "148_16": 5.132321887577428, "152_16": 6.020074646959838, "156_16": 6.802136379314871, "160_16": 8.353043351734362, "164_16": 10.425180092947079, "168_16": 12.929577903306777, "172_16": 12.888231712166327, "176_16": 12.844728263747868, "180_16": 12.832750575217561, "184_16": 12.746868193803163, "188_16": 12.674862183801833, "192_16": 12.691226462042785, "196_16": 12.571149489701225, "200_16": 12.430356411079195, "204_16": 12.353595450471701, "208_16": 12.373995112161534, "212_16": 12.321228587739125, "216_16": 12.250265458856328, "220_16": 12.392680405607052, "224_16": 12.30483465705904, "228_16": 12.196861291532256, "232_16": 12.131054117148993, "236_16": 12.044841238731037, "240_16": 12.113464378772186, "244_16": 12.06063856006873, "248_16": 11.940282488984852, "252_16": 11.918502560345834, "256_16": 11.859668499070366}