{"0_16": 0.630481177043034, "4_16": 0.6312068893375403, "8_16": 0.6370701393535491, "12_16": 0.6447083923723997, "16_16": 0.6494187155090141, "20_16": 0.6613530052617903, "24_16": 0.6686859617355653, "28_16": 0.6798399008789409, "32_16": 0.6804781635008129, "36_16": 0.6922888749803396, "40_16": 0.7048784089790395, "44_16": 0.7120072676175934, "48_16": 0.7234700039709484, "52_16": 0.7363101556681254, "56_16": 0.7482114678206829, "60_16": 0.7603713099513668, "64_16": 0.7735366009689254, "68_16": 0.7848841667262446, "72_16": 0.7919889477587955, "76_16": 0.8022711560733693, "80_16": 0.8216243434408225, "84_16": 0.83303357395638, "88_16": 0.8541889255742506, "92_16": 0.8703468280453005, "96_16": 0.8829807731372635, "100_16": 0.8904431002667315, "104_16": 0.9008909480365735, "108_16": 0.9196378101052073, "112_16": 0.9458793701973432, "116_16": 0.9716004390532713, "120_16": 0.9741288340010587, "124_16": 1.002816813820633, "128_16": 1.0096032237900257, "132_16": 1.0396953028615517, "136_16": 1.0658522390651715, "140_16": 1.0902822606757434, "144_16": 1.1460589153794212, "148_16": 1.1418241737208839, "152_16": 1.165157671367541, "156_16": 1.1985763893435795, "160_16": 1.2728133125773184, "164_16": 1.3252272000387997, "168_16": 1.3932328668445275, "172_16": 1.4163826431240794, "176_16": 1.466948175675559, "180_16": 1.5915083210424725, "184_16": 1.5909450607856086, "188_16": 1.6175391629226425, "192_16": 1.7038198607165254, "196_16": 1.808186349714947, "200_16": 1.8705048347501276, "204_16": 2.0383958387274586, "208_16": 2.164181935635553, "212_16": 2.2843340280218154, "216_16": 2.4405493427352263, "220_16": 2.5864339501151963, "224_16": 2.8491640680288137, "228_16": 3.0342879711825748, "232_16": 3.4442212400297314, "236_16": 3.6461255655189757, "240_16": 4.301470458627582, "244_16": 4.821786388071382, "248_16": 5.796872624546332, "252_16": 7.508418779451686, "256_16": 11.658706379743089}