{"0_16": 0.8584174135934907, "4_16": 0.8725742302075354, "8_16": 0.8799896230013958, "12_16": 0.9056277655193806, "16_16": 0.9247316045099517, "20_16": 0.9474665838755194, "24_16": 0.9591809471989149, "28_16": 0.9828354540897193, "32_16": 0.999894476642431, "36_16": 1.0092137891188586, "40_16": 1.038691447025147, "44_16": 1.06224191821161, "48_16": 1.091184090924194, "52_16": 1.1078626189128689, "56_16": 1.131788293889734, "60_16": 1.1633091357412415, "64_16": 1.1899854203128468, "68_16": 1.2201360732018403, "72_16": 1.2608058536349651, "76_16": 1.2885481384177195, "80_16": 1.3257299612287257, "84_16": 1.365412210112089, "88_16": 1.404147904291876, "92_16": 1.4675587166273718, "96_16": 1.5046947360147211, "100_16": 1.5565871801099758, "104_16": 1.5848908276552418, "108_16": 1.676085112398382, "112_16": 1.7589022284947706, "116_16": 1.810512547431254, "120_16": 1.8996341119915627, "124_16": 1.9879942547385792, "128_16": 2.0977874329246045, "132_16": 2.18155110610203, "136_16": 2.2748245636006037, "140_16": 2.384727953618186, "144_16": 2.5929195961741613, "148_16": 2.723691042992618, "152_16": 2.895463286217827, "156_16": 3.080451311428755, "160_16": 3.389625385706476, "164_16": 3.695411282064114, "168_16": 4.169957753779033, "172_16": 4.611176646599795, "176_16": 5.098921317890227, "180_16": 6.0553666769308565, "184_16": 7.294291889003585, "188_16": 8.308932400868214, "192_16": 11.489501326827881, "196_16": 12.597507550982993, "200_16": 12.46652275152908, "204_16": 12.430276977598208, "208_16": 12.40087017109499, "212_16": 12.34165327363435, "216_16": 12.283588509329363, "220_16": 12.24971358896271, "224_16": 12.208908123818725, "228_16": 12.162435106075865, "232_16": 12.11891130424808, "236_16": 12.106056114242696, "240_16": 12.107417687831246, "244_16": 11.919348250159084, "248_16": 11.900743529758923, "252_16": 11.845938412433803, "256_16": 11.82434077964021}