{"0_16": 0.6750454567472697, "4_16": 0.6759304746389605, "8_16": 0.6833741477161309, "12_16": 0.6909527436951065, "16_16": 0.6994338121374942, "20_16": 0.7105993299376437, "24_16": 0.7267172810629077, "28_16": 0.7357658371979565, "32_16": 0.737427452904065, "36_16": 0.7523451615609156, "40_16": 0.7663471826782717, "44_16": 0.7703103097301567, "48_16": 0.7850209193777402, "52_16": 0.802567478710159, "56_16": 0.8115761161801555, "60_16": 0.8276576345355038, "64_16": 0.8374687176241293, "68_16": 0.854119897528823, "72_16": 0.8634570252750129, "76_16": 0.8864076744153516, "80_16": 0.9056991854518373, "84_16": 0.9143696067085185, "88_16": 0.9395967847106199, "92_16": 0.9562761729816402, "96_16": 0.9707870519540118, "100_16": 0.9893052566648004, "104_16": 1.0051474124332684, "108_16": 1.0253862083749066, "112_16": 1.058284930841084, "116_16": 1.0826200183491954, "120_16": 1.096149963458436, "124_16": 1.1237150165736622, "128_16": 1.1412042307882897, "132_16": 1.178601679784685, "136_16": 1.2184737945408006, "140_16": 1.261126448717927, "144_16": 1.3269301834196952, "148_16": 1.3292171838322797, "152_16": 1.3596902646490336, "156_16": 1.3953655331568413, "160_16": 1.4984629029389962, "164_16": 1.5768299120134692, "168_16": 1.6508552271002959, "172_16": 1.693958565521407, "176_16": 1.747494139259574, "180_16": 1.9095189557778027, "184_16": 1.927367963696883, "188_16": 1.9673182539320193, "192_16": 2.091156341096625, "196_16": 2.236416879988546, "200_16": 2.3574675444889515, "204_16": 2.6037355138813734, "208_16": 2.805918674495531, "212_16": 2.998902457301426, "216_16": 3.3022565279990035, "220_16": 3.5779821698628846, "224_16": 4.058801520072604, "228_16": 4.464849430433647, "232_16": 5.655064865812755, "236_16": 6.552341233820784, "240_16": 8.386339495166558, "244_16": 9.717983993481035, "248_16": 11.807989930434614, "252_16": 11.765462930678282, "256_16": 11.701800503574786}