{"0_16": 0.8209333920386692, "4_16": 0.8327388206314693, "8_16": 0.8517091011437568, "12_16": 0.8756803751097733, "16_16": 0.8940075328556759, "20_16": 0.9062414869199786, "24_16": 0.9229208472341155, "28_16": 0.9506243771470507, "32_16": 0.963279273001702, "36_16": 0.9711654729828921, "40_16": 0.9901952090835822, "44_16": 1.0106448334170168, "48_16": 1.0450552155105401, "52_16": 1.0630503086295116, "56_16": 1.0875932427451307, "60_16": 1.1080567128843277, "64_16": 1.1289672911896667, "68_16": 1.1612745325387694, "72_16": 1.1758385639221431, "76_16": 1.2199647781426137, "80_16": 1.2620163322571736, "84_16": 1.3049236387896923, "88_16": 1.3416519722700813, "92_16": 1.3913468487459046, "96_16": 1.428766922062385, "100_16": 1.4762453669121376, "104_16": 1.5001458581792908, "108_16": 1.583391902247624, "112_16": 1.652293558065672, "116_16": 1.6760134992223352, "120_16": 1.752074558882569, "124_16": 1.8408740919887765, "128_16": 1.918877185935413, "132_16": 1.9892956238786865, "136_16": 2.0828687083058983, "140_16": 2.1601124534116676, "144_16": 2.3449727097477933, "148_16": 2.491427641644728, "152_16": 2.6367776929435998, "156_16": 2.7758381120354585, "160_16": 3.0300913528181335, "164_16": 3.2595432807622906, "168_16": 3.622625858514379, "172_16": 3.9038456590499626, "176_16": 4.314306710805217, "180_16": 5.095752526872767, "184_16": 5.835417958864938, "188_16": 6.514275785383449, "192_16": 8.219618399440385, "196_16": 10.54616016624462, "200_16": 12.462491462649572, "204_16": 12.429259628088623, "208_16": 12.377045682160128, "212_16": 12.333324818153432, "216_16": 12.280633943240332, "220_16": 12.218808832234446, "224_16": 12.190631645264672, "228_16": 12.139506802435598, "232_16": 12.090310001084202, "236_16": 12.037401778537834, "240_16": 11.998758873572994, "244_16": 11.939331229928317, "248_16": 11.981710219459512, "252_16": 11.934833815074134, "256_16": 11.901233588797137}