{"0_16": 0.6559914622502487, "4_16": 0.6527712824860323, "8_16": 0.6590325502756906, "12_16": 0.6681476651128354, "16_16": 0.6757554082005438, "20_16": 0.6843786799234186, "24_16": 0.6957719789208728, "28_16": 0.7053023091109867, "32_16": 0.7044726891512164, "36_16": 0.721439163373551, "40_16": 0.7322622229951387, "44_16": 0.7374906182099589, "48_16": 0.7515830610787455, "52_16": 0.7666875237536063, "56_16": 0.7784753379791478, "60_16": 0.7917833568931902, "64_16": 0.8035784506149372, "68_16": 0.8167560628673053, "72_16": 0.8255174821360945, "76_16": 0.8430628931318377, "80_16": 0.8644641356961104, "84_16": 0.8746782625777761, "88_16": 0.8971201240010773, "92_16": 0.9042073229669457, "96_16": 0.921169255824766, "100_16": 0.9334259599837202, "104_16": 0.9498446151891974, "108_16": 0.9695350770177261, "112_16": 0.9962371732923613, "116_16": 1.0198733412279442, "120_16": 1.0355741145703785, "124_16": 1.0628781279475925, "128_16": 1.085758502259922, "132_16": 1.1159414220575672, "136_16": 1.1409819068523939, "140_16": 1.1757072863620832, "144_16": 1.2400752617021633, "148_16": 1.244017404941549, "152_16": 1.2703567370511109, "156_16": 1.302449992021752, "160_16": 1.3799737962989713, "164_16": 1.457900145075577, "168_16": 1.5308500895821373, "172_16": 1.5531594399147912, "176_16": 1.60960442055752, "180_16": 1.7550175666607148, "184_16": 1.7536423815862792, "188_16": 1.8091753491434588, "192_16": 1.912720027520377, "196_16": 2.02743688473983, "200_16": 2.126880404387311, "204_16": 2.3422582597081845, "208_16": 2.538542294937519, "212_16": 2.715868608528461, "216_16": 2.9804788962311495, "220_16": 3.220484265952448, "224_16": 3.6308145211017413, "228_16": 3.9372982819184035, "232_16": 4.678393517737986, "236_16": 5.313679212751994, "240_16": 6.3563313797757575, "244_16": 6.986781838598963, "248_16": 8.493242410860134, "252_16": 11.846779063804396, "256_16": 11.714601161264627}