{"0_16": 0.7100296089580791, "4_16": 0.7103481862910772, "8_16": 0.7179319278736196, "12_16": 0.7223426536911136, "16_16": 0.7282363733073202, "20_16": 0.7395384949537606, "24_16": 0.7566302695903163, "28_16": 0.7696288184697602, "32_16": 0.7720793631222939, "36_16": 0.788734355637021, "40_16": 0.8037924198329731, "44_16": 0.8134035484955344, "48_16": 0.8316474290963456, "52_16": 0.8449408975304257, "56_16": 0.8664266758850208, "60_16": 0.8790085255184646, "64_16": 0.8973345924880584, "68_16": 0.9118521604325527, "72_16": 0.9252330772715605, "76_16": 0.9428818207382857, "80_16": 0.9655558597030464, "84_16": 0.981467569146175, "88_16": 1.0049561484581393, "92_16": 1.0300440240992816, "96_16": 1.0440477658180418, "100_16": 1.0687283049537875, "104_16": 1.0842428250523084, "108_16": 1.11157808524159, "112_16": 1.1455725476472445, "116_16": 1.1712690173387157, "120_16": 1.1952770812631366, "124_16": 1.2228764295669272, "128_16": 1.2480942574358067, "132_16": 1.2856918830906923, "136_16": 1.332258815621041, "140_16": 1.373794174791371, "144_16": 1.4556056343558867, "148_16": 1.459952132425952, "152_16": 1.5100486652977967, "156_16": 1.5509532138157323, "160_16": 1.6682069648936595, "164_16": 1.7747174794203733, "168_16": 1.8812740612886236, "172_16": 1.9600958274388294, "176_16": 2.057666208524891, "180_16": 2.2490597658388536, "184_16": 2.2659006453513126, "188_16": 2.331549716826044, "192_16": 2.515134160598986, "196_16": 2.751100099965298, "200_16": 2.920331579477214, "204_16": 3.29182896730796, "208_16": 3.5859182714835405, "212_16": 3.9802276546082767, "216_16": 4.535873779264248, "220_16": 4.885971963030528, "224_16": 5.858145865709645, "228_16": 6.774922971930689, "232_16": 9.036386566975946, "236_16": 12.035545615615577, "240_16": 11.876659327117371, "244_16": 11.790437907192942, "248_16": 11.961179744836679, "252_16": 11.920687416273118, "256_16": 11.881236050465109}