{"0_16": 0.8819652821651635, "4_16": 0.8889021192565416, "8_16": 0.8992893541394865, "12_16": 0.9169138940961664, "16_16": 0.9512320757472391, "20_16": 0.9716670766796618, "24_16": 0.9791197293839419, "28_16": 1.006149129546553, "32_16": 1.0296233892551654, "36_16": 1.0425319341434525, "40_16": 1.0716319076550451, "44_16": 1.0956510478691106, "48_16": 1.1283181903356985, "52_16": 1.1483047083238958, "56_16": 1.171296145128098, "60_16": 1.2024167800265126, "64_16": 1.2288182867721364, "68_16": 1.2682155670205577, "72_16": 1.311695340275979, "76_16": 1.3430451020231233, "80_16": 1.3923241944606872, "84_16": 1.436977834613201, "88_16": 1.4827210319449977, "92_16": 1.542597757173386, "96_16": 1.5847566452927526, "100_16": 1.6354658600519407, "104_16": 1.6654942986591506, "108_16": 1.7641525401642506, "112_16": 1.8586391718716393, "116_16": 1.9103319904059461, "120_16": 2.02991375833016, "124_16": 2.1278827159428086, "128_16": 2.264519898756869, "132_16": 2.3850461168609787, "136_16": 2.4887200497859236, "140_16": 2.607269277598693, "144_16": 2.8400627978096, "148_16": 3.0213684917626042, "152_16": 3.219940334565573, "156_16": 3.456938766625892, "160_16": 3.8205146161466947, "164_16": 4.207072992416107, "168_16": 4.754808222677014, "172_16": 5.357709228613571, "176_16": 6.066317205566365, "180_16": 7.53330084600816, "184_16": 9.673265686786173, "188_16": 12.584771478640791, "192_16": 12.524956365344325, "196_16": 12.491372412403116, "200_16": 12.458507187154321, "204_16": 12.387305681812371, "208_16": 12.361219249818411, "212_16": 12.300396343038145, "216_16": 12.2522783717299, "220_16": 12.204398899174045, "224_16": 12.18113249493801, "228_16": 12.11155014945231, "232_16": 12.086304337466425, "236_16": 12.033609106865333, "240_16": 11.980139160124653, "244_16": 11.934358176122489, "248_16": 11.899996066959012, "252_16": 11.74776904583936, "256_16": 11.729854791343135}