{"0_16": 0.8083035900440269, "4_16": 0.8072048686475864, "8_16": 0.8181187270727062, "12_16": 0.828460106775662, "16_16": 0.8373926455311858, "20_16": 0.857528356224868, "24_16": 0.870331601226976, "28_16": 0.8866697608543131, "32_16": 0.8899718027599725, "36_16": 0.9115210383228105, "40_16": 0.9329556801237058, "44_16": 0.9493190050722842, "48_16": 0.9646741528833082, "52_16": 0.9788928715960299, "56_16": 1.0059777284782883, "60_16": 1.0162411101513131, "64_16": 1.0499803257173272, "68_16": 1.0687694876756624, "72_16": 1.0944045853115698, "76_16": 1.1238826715627315, "80_16": 1.1591795556136453, "84_16": 1.1691098072336121, "88_16": 1.2119462876105978, "92_16": 1.2517573442962, "96_16": 1.28529399290878, "100_16": 1.295632351148745, "104_16": 1.3311483696588007, "108_16": 1.3865027754491097, "112_16": 1.4379486519664215, "116_16": 1.4698830152630933, "120_16": 1.53574806476678, "124_16": 1.559609567922086, "128_16": 1.6356906716822133, "132_16": 1.6983842962021825, "136_16": 1.778579904124996, "140_16": 1.8532121244154627, "144_16": 1.9763064207339285, "148_16": 2.0285706048136767, "152_16": 2.127702064874851, "156_16": 2.20302549491538, "160_16": 2.4109958504733333, "164_16": 2.664061529517484, "168_16": 2.7970085314413833, "172_16": 3.006981144596212, "176_16": 3.1876027503924766, "180_16": 3.770588797155632, "184_16": 3.962535403323021, "188_16": 4.214321923779907, "192_16": 4.797839801656762, "196_16": 5.624523424411982, "200_16": 6.461038182695912, "204_16": 8.241089409167376, "208_16": 10.96372890067275, "212_16": 12.259947139752134, "216_16": 12.199380258810843, "220_16": 12.137394667298091, "224_16": 12.12590541987819, "228_16": 12.086129765196256, "232_16": 11.993132184853986, "236_16": 11.987601991015238, "240_16": 11.946234164963855, "244_16": 11.979837829058832, "248_16": 11.907586902546985, "252_16": 11.785935409030165, "256_16": 11.726190511553279}